desigcomercial,numbicicletas,numdocas,position,entity_ts,estado
135 - Avenida Cidade de Lourenço Marques / Vale do,7,20,"{""coordinates"":[-9.118689,38.764067],""type"":""Point""}",2022-07-27T15:53:45.206Z,active
456 - Entrecampos / Av. das Forças Armadas,18,41,"{""coordinates"":[-9.14872,38.74877],""type"":""Point""}",2022-07-27T15:53:46.819Z,active
132 - Avenida de Berlim / Rua Cidade de Cabinda,2,25,"{""coordinates"":[-9.11255,38.76829],""type"":""Point""}",2022-07-27T15:53:44.936Z,active
206 - Av. Brasília / Doca de Alcântara,10,22,"{""coordinates"":[-9.17502,38.70141],""type"":""Point""}",2022-07-27T15:53:40.553Z,active
555 - Alameda das Linhas de Torres,1,33,"{""coordinates"":[-9.160248,38.770657],""type"":""Point""}",2022-07-27T15:53:46.255Z,active
463 - Campo Grande / Av. da Igreja,4,10,"{""coordinates"":[-9.14951,38.75243],""type"":""Point""}",2022-07-27T15:53:46.296Z,active
479 - Rua Professor Oliveira Marques,4,14,"{""coordinates"":[-9.15724,38.75491],""type"":""Point""}",2022-07-27T15:53:45.316Z,active
225 - Martim Moniz,5,16,"{""coordinates"":[-9.13694,38.71526],""type"":""Point""}",2022-07-27T15:53:43.064Z,active
306 - Avenida da Liberdade / Rua Alexandre Herculano,6,16,"{""coordinates"":[-9.14854,38.72281],""type"":""Point""}",2022-07-27T15:53:41.578Z,active
461 - Rua Professora Teresa Ambrósio,9,32,"{""coordinates"":[-9.155564,38.749141],""type"":""Point""}",2022-07-27T15:53:46.054Z,active
415 - Av. Duque de Ávila / Av. Conde Valbom,6,20,"{""coordinates"":[-9.148443,38.735188],""type"":""Point""}",2022-07-27T16:13:42.081Z,active
312 - Rua Álvaro Coutinho / Avenida Almirante Reis,12,18,"{""coordinates"":[-9.134802,38.724869],""type"":""Point""}",2022-07-27T16:13:42.217Z,active
223 - Praça do Rossio,21,21,"{""coordinates"":[-9.138952,38.713112],""type"":""Point""}",2022-07-27T16:13:39.430Z,active
238 - Rua de Cascais / Alcântara Mar,0,36,"{""coordinates"":[-9.175234,38.702936],""type"":""Point""}",2022-07-27T16:13:40.315Z,repair
311 - Avenida Almirante Reis Nº14,4,11,"{""coordinates"":[-9.135295,38.721721],""type"":""Point""}",2022-07-27T16:13:40.269Z,active
103 - Jardim da Água,16,20,"{""coordinates"":[-9.095019,38.761218],""type"":""Point""}",2022-07-27T16:13:36.056Z,active
109 - Alameda dos Oceanos / Rua Ilha dos Amores,7,14,"{""coordinates"":[-9.094672,38.777589],""type"":""Point""}",2022-07-27T16:13:34.357Z,active
446 - Av. República / Interface Entrecampos ,29,40,"{""coordinates"":[-9.14773,38.74456],""type"":""Point""}",2022-07-27T16:13:37.509Z,active
151 - Rua Contra Almirante Ferraz / Escola Sec.António Damásio,2,24,"{""coordinates"":[-9.108728,38.770434],""type"":""Point""}",2022-07-27T16:13:40.910Z,active
442 - Campo Pequeno,2,16,"{""coordinates"":[-9.14523,38.743371],""type"":""Point""}",2022-07-27T16:13:40.949Z,active
218 - Cais do Sodré,7,22,"{""coordinates"":[-9.14471,38.70617],""type"":""Point""}",2022-07-27T16:13:38.265Z,active
403 - Av. Fontes Pereira de Melo,2,20,"{""coordinates"":[-9.146522,38.731698],""type"":""Point""}",2022-07-27T16:13:37.670Z,active
220 - Rua do Comercio,11,20,"{""coordinates"":[-9.137125,38.70878],""type"":""Point""}",2022-07-27T15:53:40.257Z,active
214 - Largo de Santos,20,24,"{""coordinates"":[-9.15424,38.70673],""type"":""Point""}",2022-07-27T15:53:41.201Z,active
362 - Avenida Eng. Duarte Pacheco,21,40,"{""coordinates"":[-9.159469,38.72437],""type"":""Point""}",2022-07-27T15:53:44.820Z,active
314 - Rua Marques da Silva / Rua António Pedro,4,12,"{""coordinates"":[-9.135675,38.729657],""type"":""Point""}",2022-07-27T16:13:36.421Z,active
484 - Rua Professor Vieira de Almeida,7,22,"{""coordinates"":[-9.16658,38.76081],""type"":""Point""}",2022-07-27T16:13:36.465Z,active
464 - Av. da Igreja / Rua Afonso Lopes Vieira,5,14,"{""coordinates"":[-9.148427,38.75165],""type"":""Point""}",2022-07-27T16:13:36.642Z,active
452 - Rua Teixeira de Pascoais / Rua Dr. Gama Barros,7,10,"{""coordinates"":[-9.136681,38.747751],""type"":""Point""}",2022-07-27T16:13:36.272Z,active
219 - Praça do Município,11,22,"{""coordinates"":[-9.13951,38.70797],""type"":""Point""}",2022-07-27T16:13:37.161Z,active
113 - Alameda dos Oceanos/ Passeio do Levante,4,14,"{""coordinates"":[-9.09825,38.78414],""type"":""Point""}",2022-07-27T16:13:44.375Z,active
410 - Rua da Mesquita / Universidade Nova de Lisboa,7,40,"{""coordinates"":[-9.16015,38.73492],""type"":""Point""}",2022-07-27T16:13:44.411Z,active
478 - Alameda da Universidade / Faculdade de Letras,9,32,"{""coordinates"":[-9.15717,38.75359],""type"":""Point""}",2022-07-27T16:13:45.247Z,active
519 - Rua Prof. Pulido Valente / Rua Prof. Mário ,5,25,"{""coordinates"":[-9.1691,38.763204],""type"":""Point""}",2022-07-27T16:13:47.700Z,active
554 - Alameda das Linhas de Torres / Rua Ladislau,2,27,"{""coordinates"":[-9.158298,38.768683],""type"":""Point""}",2022-07-27T16:13:45.496Z,active
432 - Praça de Londres,2,10,"{""coordinates"":[-9.1377,38.7407],""type"":""Point""}",2022-07-27T16:13:43.404Z,active
449 - Av. 5 de Outubro / Rua da Cruz Vermelha,4,14,"{""coordinates"":[-9.150085,38.746836],""type"":""Point""}",2022-07-27T16:33:38.929Z,active
237 - Avenida da India / Praca das Industrias,0,30,"{""coordinates"":[-9.182262,38.699093],""type"":""Point""}",2022-07-27T16:33:34.786Z,repair
550 - Rua Fernando Curado Ribeiro / Alameda das Li,12,20,"{""coordinates"":[-9.156487,38.760871],""type"":""Point""}",2022-07-27T16:13:47.508Z,active
487 - Rua Professor João Barreira,1,14,"{""coordinates"":[-9.17096,38.76136],""type"":""Point""}",2022-07-27T16:13:43.449Z,active
509 - Centro Comercial Fonte Nova,0,17,"{""coordinates"":[-9.190007,38.748901],""type"":""Point""}",2022-07-27T16:33:37.934Z,repair
488 - Rua Fernando Namora / Rua António Quadros,4,20,"{""coordinates"":[-9.17526,38.76014],""type"":""Point""}",2022-07-27T16:33:43.379Z,active
305 - Avenida da Liberdade / Rua Barata Salgueiro,7,16,"{""coordinates"":[-9.147,38.72228],""type"":""Point""}",2022-07-27T16:33:42.125Z,repair
486 - Rua Hermano Neves / Rua José Escada,1,14,"{""coordinates"":[-9.16985,38.75954],""type"":""Point""}",2022-07-27T16:33:42.154Z,repair
365 - Rua Castilho / Rua Marquês da Fronteira,7,30,"{""coordinates"":[-9.157531,38.729724],""type"":""Point""}",2022-07-27T16:33:49.031Z,active
115 - Passeio dos Heróis do Mar / Rua Capitão Cook,4,12,"{""coordinates"":[-9.09781,38.793],""type"":""Point""}",2022-07-27T16:33:40.965Z,repair
462 - Campo Grande / Biblioteca Nacional,5,29,"{""coordinates"":[-9.15031,38.75027],""type"":""Point""}",2022-07-27T16:33:44.216Z,active
134 - Praça Cidade do Luso,2,20,"{""coordinates"":[-9.116342,38.765588],""type"":""Point""}",2022-07-27T16:33:48.091Z,active
508 - Estação de Comboios de Benfica,0,23,"{""coordinates"":[-9.200039,38.74473],""type"":""Point""}",2022-07-27T16:33:49.178Z,repair
417 - Av. Duque de Ávila / Jardim Arco Do Cego,18,23,"{""coordinates"":[-9.142703,38.735352],""type"":""Point""}",2022-07-27T16:33:42.690Z,active
556 - Alamedas das Linhas de Torres / Estrada da T,5,11,"{""coordinates"":[-9.161462,38.773489],""type"":""Point""}",2022-07-27T16:33:46.432Z,active
114 - Via do Oriente,3,10,"{""coordinates"":[-9.09974,38.78836],""type"":""Point""}",2022-07-27T16:33:41.553Z,active
477 - Alameda da Universidade / Faculdade de Direito,3,24,"{""coordinates"":[-9.15671,38.75264],""type"":""Point""}",2022-07-27T16:33:45.378Z,active
552 - Alameda das Linhas de Torres / Hospital Puli,4,12,"{""coordinates"":[-9.157335,38.766075],""type"":""Point""}",2022-07-27T16:33:48.573Z,active
366 - Palacio da justiça,20,30,"{""coordinates"":[-9.156435,38.731134],""type"":""Point""}",2022-07-27T16:33:47.779Z,active
205 - Av. Brasília / Cordoaria,4,10,"{""coordinates"":[-9.188,38.697],""type"":""Point""}",2022-07-27T16:33:47.004Z,active
430 - Av. Barbosa Du Bocage / Rua Arco do Cego,4,20,"{""coordinates"":[-9.14329,38.74081],""type"":""Point""}",2022-07-27T16:33:37.887Z,repair
485 - Rua Tomás da Fonseca / Rua António Albino Machado,8,10,"{""coordinates"":[-9.17,38.756],""type"":""Point""}",2022-07-27T16:33:34.890Z,active
450 - Rua Alfredo Cortês,5,10,"{""coordinates"":[-9.14399,38.74626],""type"":""Point""}",2022-07-27T16:53:52.259Z,active
216 - Praça D. Luís I,8,21,"{""coordinates"":[-9.14655,38.70663],""type"":""Point""}",2022-07-27T16:53:55.401Z,active
106 - Jardim Garcia da Orta,6,14,"{""coordinates"":[-9.092506,38.769459],""type"":""Point""}",2022-07-27T16:53:50.831Z,active
468 - Largo Frei Heitor Pinto,1,21,"{""coordinates"":[-9.13827,38.75482],""type"":""Point""}",2022-07-27T16:53:49.669Z,active
310 - Rua Pina Manique / Largo do Intendente ,6,17,"{""coordinates"":[-9.134847,38.720733],""type"":""Point""}",2022-07-27T16:53:50.403Z,active
476 - Av. Professor Gama Pinto / Reitoria,4,23,"{""coordinates"":[-9.15885,38.75231],""type"":""Point""}",2022-07-27T16:53:56.424Z,active
301 - Avenida da Liberdade / Restauradores,12,22,"{""coordinates"":[-9.14242,38.71702],""type"":""Point""}",2022-07-27T16:53:54.914Z,active
316 - Rua António Pedro / Rua Pascoal de Melo,5,14,"{""coordinates"":[-9.135356,38.731424],""type"":""Point""}",2022-07-27T16:53:49.870Z,active
224 - Martim Moniz,11,22,"{""coordinates"":[-9.13651,38.71498],""type"":""Point""}",2022-07-27T16:53:51.225Z,active
423 - Av. Conde Valbom / Rua Marquês Sá da Bandeira,7,10,"{""coordinates"":[-9.152295,38.737911],""type"":""Point""}",2022-07-27T17:13:39.282Z,active
315 - Rua Passos Manuel/ Jardim Constantino,4,20,"{""coordinates"":[-9.136968,38.731264],""type"":""Point""}",2022-07-27T16:53:55.869Z,active
221-Rua do Crucifixo / Rua São Nicolau,6,15,"{""coordinates"":[-9.138828,38.710191],""type"":""Point""}",2022-07-27T16:53:55.020Z,active
215 - Av. 24 de Julho,13,17,"{""coordinates"":[-9.14949,38.70662],""type"":""Point""}",2022-07-27T16:53:54.657Z,active
110 - Rua de Moscavide,3,18,"{""coordinates"":[-9.097068,38.778466],""type"":""Point""}",2022-07-27T17:13:38.498Z,active
457 - Rua Aboim Ascensão,0,10,"{""coordinates"":[-9.14722,38.74975],""type"":""Point""}",2022-07-27T17:13:36.846Z,active
490 - Rua Fernando Namora / Azinhaga da Torre do Fato,1,16,"{""coordinates"":[-9.17849,38.76026],""type"":""Point""}",2022-07-27T17:13:45.888Z,active
203 - Padrão dos Descobrimentos,12,22,"{""coordinates"":[-9.20633,38.6935],""type"":""Point""}",2022-07-27T17:13:47.041Z,active
361 - Amoreiras Shopping Center,10,31,"{""coordinates"":[-9.160992,38.72392],""type"":""Point""}",2022-07-27T17:13:49.685Z,active
364 -Rua D.francisco M. de melo / Rua artilharia 1,1,14,"{""coordinates"":[-9.159369,38.728263],""type"":""Point""}",2022-07-27T17:13:49.733Z,active
304 - Avenida da Liberdade / São Jorge,4,16,"{""coordinates"":[-9.14637,38.72026],""type"":""Point""}",2022-07-27T17:13:41.751Z,active
459 - Rua Maria Amália Vaz de Carvalho / ES Rainha D. Leonor,5,20,"{""coordinates"":[-9.141741,38.751481],""type"":""Point""}",2022-07-27T17:13:40.512Z,active
551 - Rua Francisco Stromp / Alameda das Linhas de,3,20,"{""coordinates"":[-9.157235,38.762584],""type"":""Point""}",2022-07-27T17:13:40.613Z,active
352 - Rua Tomás da Anunciação / Rua Almeida e S.,10,17,"{""coordinates"":[-9.165653,38.717313],""type"":""Point""}",2022-07-27T17:13:36.276Z,active
313 - Rua Frei Francisco Foreiro / Rua de Arroios,6,14,"{""coordinates"":[-9.135956,38.728049],""type"":""Point""}",2022-07-27T17:33:48.595Z,active
431 - Rua do Arco Cego / Av. Magalhães Lima,1,14,"{""coordinates"":[-9.14199,38.73937],""type"":""Point""}",2022-07-27T17:33:38.582Z,active
471 - Rua Lopes de Mendonça / EB São João de Brito,0,10,"{""coordinates"":[-9.137337,38.756487],""type"":""Point""}",2022-07-27T17:33:42.122Z,active
419 - Av. António José de Almeida / Instituto Superior Técnico,2,25,"{""coordinates"":[-9.13956,38.73811],""type"":""Point""}",2022-07-27T17:33:46.971Z,active
363 - Rua de campolide / Rua marques da fronteira,5,14,"{""coordinates"":[-9.162216,38.727094],""type"":""Point""}",2022-07-27T17:33:47.134Z,active
208 - Cais das Pombas,2,22,"{""coordinates"":[-9.14373,38.70523],""type"":""Point""}",2022-07-27T17:33:39.146Z,active
406 - Praça Duque de Saldanha,0,17,"{""coordinates"":[-9.145341,38.734247],""type"":""Point""}",2022-07-27T17:33:41.615Z,active
309 - Rua da Palma,6,10,"{""coordinates"":[-9.13577,38.71901],""type"":""Point""}",2022-07-27T17:33:44.502Z,active
475 - Av. Professor Gama Pinto / Cantina Velha,16,41,"{""coordinates"":[-9.15907,38.75115],""type"":""Point""}",2022-07-27T17:33:48.652Z,active
108 - Rua do Bojador,2,14,"{""coordinates"":[-9.09235,38.774289],""type"":""Point""}",2022-07-27T17:33:37.819Z,active
308 - Marquês de Pombal,2,11,"{""coordinates"":[-9.14969,38.7246],""type"":""Point""}",2022-07-27T17:53:58.877Z,active
553 - Rua Luis Pastor de Macedo / Rua Tobis Portuguesa,1,12,"{""coordinates"":[-9.15535,38.767114],""type"":""Point""}",2022-07-27T17:54:00.065Z,active
420 - Av. Rovisco Pais / Av. Manuel da Maia,13,26,"{""coordinates"":[-9.13672,38.73617],""type"":""Point""}",2022-07-27T17:53:58.449Z,active
307 - Marquês de Pombal,3,33,"{""coordinates"":[-9.149334,38.724954],""type"":""Point""}",2022-07-27T17:53:59.711Z,active
414 - Av. Duque de Ávila / Rua Pinheiro Chagas,3,19,"{""coordinates"":[-9.151,38.735],""type"":""Point""}",2022-07-27T17:53:51.896Z,active
104 - Gare do Oriente,33,40,"{""coordinates"":[-9.097322,38.766716],""type"":""Point""}",2022-07-27T17:53:57.780Z,active
105 - CC Vasco da Gama,36,40,"{""coordinates"":[-9.096222,38.768548],""type"":""Point""}",2022-07-27T17:53:53.108Z,active
102 - Porta do Mar,3,14,"{""coordinates"":[-9.096439,38.759156],""type"":""Point""}",2022-07-27T17:53:57.388Z,active
130 - Avenida Berlim / Rua Américo Jesus Fernandes,2,20,"{""coordinates"":[-9.106858,38.767761],""type"":""Point""}",2022-07-27T17:53:57.221Z,active
408 - Praça Duque de Saldanha,2,10,"{""coordinates"":[-9.144117,38.733749],""type"":""Point""}",2022-07-27T18:13:39.085Z,active
433 - Av. Paris / Av. Almirante Reis,10,14,"{""coordinates"":[-9.13409,38.74095],""type"":""Point""}",2022-07-27T17:53:54.936Z,active
480 - Faculdade de Ciências,8,25,"{""coordinates"":[-9.15503,38.75587],""type"":""Point""}",2022-07-27T17:54:01.399Z,active
520 - Lispolis,0,23,"{""coordinates"":[-9.182513,38.766995],""type"":""Point""}",2022-07-27T18:13:41.586Z,repair
427 - Av. República / Av. Visconde Valmor,3,12,"{""coordinates"":[-9.14617,38.73812],""type"":""Point""}",2022-07-27T18:13:42.215Z,active
226 - Rua dos Fanqueiros,11,13,"{""coordinates"":[-9.136456,38.711888],""type"":""Point""}",2022-07-27T18:13:42.664Z,active
232 - Avenida da Índia / Centro de Arqueologia de Lisboa,0,22,"{""coordinates"":[-9.212149,38.694155],""type"":""Point""}",2022-07-27T18:13:42.632Z,repair
139 - Rua Cidade de Bissau {Metro Olivais},3,25,"{""coordinates"":[-9.111596,38.76134],""type"":""Point""}",2022-07-27T18:13:50.504Z,active
407 - Praça Duque de Saldanha,0,17,"{""coordinates"":[-9.14446,38.73434],""type"":""Point""}",2022-07-27T18:13:45.426Z,active
483 - Rua Professor Francisco Lucas Pires ,6,16,"{""coordinates"":[-9.16405,38.75939],""type"":""Point""}",2022-07-27T18:13:48.445Z,active
401 - Rua Martens Ferrão / Av. Fontes Pereira de Melo,2,16,"{""coordinates"":[-9.14742,38.72894],""type"":""Point""}",2022-07-27T18:13:48.018Z,active
517 - Rua Padre Américo,2,20,"{""coordinates"":[-9.180437,38.763505],""type"":""Point""}",2022-07-27T18:13:51.025Z,active
518 - Avenida das Nações Unidas / Azinhaga da Torre do Fato,0,20,"{""coordinates"":[-9.177955,38.764097],""type"":""Point""}",2022-07-27T18:33:46.173Z,active
443 - Av. de Roma / Fórum Lisboa,8,14,"{""coordinates"":[-9.13866,38.74351],""type"":""Point""}",2022-07-27T18:33:46.541Z,active
472 - Rua Marquês Soveral / ES Padre António Vieira,4,14,"{""coordinates"":[-9.13608,38.75784],""type"":""Point""}",2022-07-27T18:33:43.247Z,active
101 - Alameda dos Oceanos / Rua dos Argonautas,13,16,"{""coordinates"":[-9.096804,38.756161],""type"":""Point""}",2022-07-27T18:53:47.805Z,active
107 - Rotunda dos Vice-Reis,2,14,"{""coordinates"":[-9.095416,38.774505],""type"":""Point""}",2022-07-27T18:53:54.987Z,active
428 - Av. República / Avenida Barbosa Du Bocage,3,12,"{""coordinates"":[-9.14684,38.74047],""type"":""Point""}",2022-07-27T18:53:46.592Z,active
416 - Av. República / Avenida Duque de Ávila,4,17,"{""coordinates"":[-9.14553,38.735304],""type"":""Point""}",2022-07-27T18:53:45.651Z,active
474 - Av. do Brasil / Av. Rio de Janeiro,2,16,"{""coordinates"":[-9.1409,38.75832],""type"":""Point""}",2022-07-27T18:53:51.072Z,active
421 - Alameda D. Afonso Henriques,14,20,"{""coordinates"":[-9.13416,38.73736],""type"":""Point""}",2022-07-27T18:53:52.338Z,active
150 - Avenida Dr. Francisco Luis Gomes / Go Fit,1,17,"{""coordinates"":[-9.111745,38.769665],""type"":""Point""}",2022-07-27T18:53:46.954Z,active
222 - Praça da Figueira,16,30,"{""coordinates"":[-9.13828,38.71383],""type"":""Point""}",2022-07-27T18:53:49.515Z,active
460 - Av. Rio de Janeiro / Parque de Jogos 1º de Maio,4,15,"{""coordinates"":[-9.13749,38.75176],""type"":""Point""}",2022-07-27T19:33:46.310Z,active
133 - Rua Cidade de Benguela / Avenida Cidade de L,1,18,"{""coordinates"":[-9.110724,38.76503],""type"":""Point""}",2022-07-27T19:33:52.224Z,active
112 - Alameda dos Oceanos / Passeio das Garças,13,14,"{""coordinates"":[-9.09622,38.78069],""type"":""Point""}",2022-07-27T19:33:49.925Z,active
413 - Av. Ressano Garcia / Av. António Augusto de Aguiar,2,10,"{""coordinates"":[-9.15425,38.73432],""type"":""Point""}",2022-07-27T19:53:46.955Z,active
131 - Avenida de Berlim / Praça Baden Powell,1,21,"{""coordinates"":[-9.110767,38.768137],""type"":""Point""}",2022-07-27T19:53:52.381Z,active
137 - Rua Cidade de Bissau {entrada SPACIO},11,33,"{""coordinates"":[-9.114505,38.762829],""type"":""Point""}",2022-07-27T20:13:44.623Z,active
426 - Av. Elias Garcia / Av. 5 de Outubro,8,14,"{""coordinates"":[-9.14793,38.739046],""type"":""Point""}",2022-07-27T20:53:52.140Z,active
473 - Av. do Brasil / Av. de Roma,9,14,"{""coordinates"":[-9.14697,38.75643],""type"":""Point""}",2022-07-27T21:33:41.607Z,active
481 - Campo Grande / Museu da Cidade,12,20,"{""coordinates"":[-9.156169,38.758207],""type"":""Point""}",2022-07-27T21:53:50.936Z,active
510 - Largo da Revista Militar / Avenida do Colégio Militar,9,17,"{""coordinates"":[-9.189058,38.752892],""type"":""Point""}",2022-07-27T21:53:52.998Z,active
412 - Av. Ressano Garcia / Av. António Augusto de Aguiar,1,16,"{""coordinates"":[-9.1546,38.73448],""type"":""Point""}",2022-07-27T22:13:45.448Z,active
235 - Avenida da India / Travessa da Galeotas,0,30,"{""coordinates"":[-9.192735,38.697187],""type"":""Point""}",2022-07-27T23:13:43.052Z,repair
453 - Av. Roma / Av. EUA,8,14,"{""coordinates"":[-9.14207,38.74873],""type"":""Point""}",2022-07-27T23:33:45.396Z,active
212 - Av. Infante Dom Henrique / Terminal de Cruzeiros,8,20,"{""coordinates"":[-9.12769,38.71035],""type"":""Point""}",2022-07-27T23:53:59.581Z,active
507 - Rua José dos Santos Pereira / Rua Conde de Almoster,0,17,"{""coordinates"":[-9.193084,38.74487],""type"":""Point""}",2022-08-16T21:11:05.585Z,repair
521 - Rua César de Oliveira / Rua Fernando Lopes Graça,0,22,"{""coordinates"":[-9.173853,38.769048],""type"":""Point""}",2022-08-17T12:28:32.864Z,repair
351 - Rua Tomás da Anunciação / Rua Almeida e S.,0,17,"{""coordinates"":[-9.165653,38.717313],""type"":""Point""}",2022-07-02T03:54:18.425Z,repair
513 - Rua Guiomar Torresão/Metro de Carnide,0,20,"{""coordinates"":[-9.19216,38.758691],""type"":""Point""}",2022-09-16T18:41:36.000Z,repair
436 - Instituto Português de Oncologia,0,17,"{""coordinates"":[-9.162447,38.739395],""type"":""Point""}",2022-09-16T18:41:36.000Z,repair
209 - Ribeira das Naus,0,27,"{""coordinates"":[-9.141466,38.705954],""type"":""Point""}",2022-11-04T18:13:02.000Z,repair
435 - Interface de Sete Rios,2,43,"{""coordinates"":[-9.166955,38.740579],""type"":""Point""}",2022-11-04T19:32:58.000Z,active
506 - Rua Tenente Coronel Reibeiro dos Reis/Rua Conde de Almoster,0,17,"{""coordinates"":[-9.190028,38.745181],""type"":""Point""}",2022-11-04T21:13:00.000Z,repair
213 - Av. Infante Dom Henrique / Santa Apolónia,9,32,"{""coordinates"":[-9.122548,38.713416],""type"":""Point""}",2022-11-04T23:52:57.000Z,active
303 - Avenida da Liberdade / Rua das Pretas,0,0,"{""coordinates"":[-9.14455,38.71957],""type"":""Point""}",2022-08-04T22:19:18.726Z,repair
